timestamp	bench	tag	version	git_hash	chunk_size	chunk_overlap	ef_search	model	result_file
20260512_1106	lme	v402-mmr-fix	0.7.0	fc6ee58	1000	300	200	sentence-transformers/all-MiniLM-L6-v2	results_engram_lme_v402-mmr-fix_20260512_1106.jsonl
20260512_1133	beam	v402-mmr-fix	0.7.0	fc6ee58	1000	300	200	sentence-transformers/all-MiniLM-L6-v2	results_engram_beam_v402-mmr-fix_20260512_1133.json
20260512_1132	locomo	v402-mmr-fix	0.7.0	fc6ee58	1000	300	200	sentence-transformers/all-MiniLM-L6-v2	results_engram_locomo_v402-mmr-fix_20260512_1132.jsonl
20260512_1159	beam	abl-all-off	0.7.0	fc6ee58	1000	300	200	sentence-transformers/all-MiniLM-L6-v2	results_engram_beam_abl-all-off_20260512_1159.json
20260512_1159	beam	abl-no-bm25	0.7.0	fc6ee58	1000	300	200	sentence-transformers/all-MiniLM-L6-v2	results_engram_beam_abl-no-bm25_20260512_1159.json
20260512_1200	beam	abl-no-entity	0.7.0	fc6ee58	1000	300	200	sentence-transformers/all-MiniLM-L6-v2	results_engram_beam_abl-no-entity_20260512_1200.json
20260512_1201	beam	abl-no-date	0.7.0	fc6ee58	1000	300	200	sentence-transformers/all-MiniLM-L6-v2	results_engram_beam_abl-no-date_20260512_1201.json
20260512_1201	beam	abl-no-recency-turnpair	0.7.0	fc6ee58	1000	300	200	sentence-transformers/all-MiniLM-L6-v2	results_engram_beam_abl-no-recency-turnpair_20260512_1201.json
20260512_1202	beam	abl-no-tiebreak-mmr	0.7.0	fc6ee58	1000	300	200	sentence-transformers/all-MiniLM-L6-v2	results_engram_beam_abl-no-tiebreak-mmr_20260512_1202.json
20260512_1222	beam	v402-clean	0.7.0	fc6ee58	1000	300	200	sentence-transformers/all-MiniLM-L6-v2	results_engram_beam_v402-clean_20260512_1222.json
20260512_1240	lme	v403-pref-boost	0.7.0	25d6016	1000	300	200	sentence-transformers/all-MiniLM-L6-v2	results_engram_lme_v403-pref-boost_20260512_1240.jsonl
20260512_1255	beam	v402-stage	0.7.0	25d6016	1000	300	200	sentence-transformers/all-MiniLM-L6-v2	results_engram_beam_v402-stage_20260512_1255.json
20260512_1259	beam	abl-all-off	0.7.0	25d6016	1000	300	200	sentence-transformers/all-MiniLM-L6-v2	results_engram_beam_abl-all-off_20260512_1259.json
20260512_1259	beam	abl-no-bm25	0.7.0	25d6016	1000	300	200	sentence-transformers/all-MiniLM-L6-v2	results_engram_beam_abl-no-bm25_20260512_1259.json
20260512_1300	beam	abl-no-entity	0.7.0	25d6016	1000	300	200	sentence-transformers/all-MiniLM-L6-v2	results_engram_beam_abl-no-entity_20260512_1300.json
20260512_1300	beam	abl-no-date	0.7.0	25d6016	1000	300	200	sentence-transformers/all-MiniLM-L6-v2	results_engram_beam_abl-no-date_20260512_1300.json
20260512_1301	beam	abl-no-recency-turnpair	0.7.0	25d6016	1000	300	200	sentence-transformers/all-MiniLM-L6-v2	results_engram_beam_abl-no-recency-turnpair_20260512_1301.json
20260512_1301	beam	abl-no-tiebreak-mmr	0.7.0	25d6016	1000	300	200	sentence-transformers/all-MiniLM-L6-v2	results_engram_beam_abl-no-tiebreak-mmr_20260512_1301.json
20260512_1342	beir	v402-scifact	0.7.0	6e32bec	1000	300	200	sentence-transformers/all-MiniLM-L6-v2	results_engram_beir_v402-scifact_20260512_1342.json
20260904_2007	lme	v700-baseline	0.7.0	df2ef32	800	100	100	all-MiniLM-L6-v2	results_engram_lme_v700-baseline_20260904.jsonl
20260905_2331	lme-m-hier	phase5-experiment	0.7.0	2949966	800	100	100	all-MiniLM-L6-v2	results_lme_m_hierarchical_experiment_20260905.jsonl
20260909_1046	lme-e2e	v700-clipped-ctx4096	0.7.0	5af4bbe	800	100	100	qwen3.8:27b	results_engram_lme_e2e_v700-clipped-ctx4096_20260907.rescored.jsonl
20260909_1046	lme-e2e	v700-fulltext-ctx16384	0.7.0	5af4bbe	800	100	100	qwen3.8:27b	results_engram_lme_e2e_v700-fulltext-ctx16384_20260908.rescored.jsonl
20260910_0350	lme-e2e	v700-assembly-adaptK-b48k	0.7.0	0a14373	800	100	100	qwen3.8:27b	results_engram_lme_e2e_v700-assembly-b48k-ctx16384_20260909.rescored.jsonl
20260910_0350	lme-e2e	v700-assembly-poolK-b56k	0.7.0	b01273e	800	100	100	qwen3.8:27b	results_engram_lme_e2e_v700-assembly-poolk-b56k-ctx16384_20260909.rescored.jsonl
20260910_1502	lme-e2e-ms	v700-ms-ablate-{group,chrono,dates}	0.7.0	9d7517c	800	100	100	qwen3.8:27b	results_engram_lme_e2e_v700-ms-ablate-*-poolk-b56k_20260910.rescored.jsonl
20260910_2345	lme-e2e	v700-assembly-countskip1	0.7.0	0d922f0	800	100	100	qwen3.8:27b	results_engram_lme_e2e_v700-assembly-countskip-poolk-b56k-ctx16384_20260910.rescored.jsonl
20260911_0820	lme-e2e	v700-assembly-countskip2	0.7.0	744be52	800	100	100	qwen3.8:27b	results_engram_lme_e2e_v700-assembly-countskip2-poolk-b56k-ctx16384_20260911.rescored.jsonl
20260911_1404	lme-e2e-tr	v700-tr-ablate-{dates,group,chrono}	0.7.0	0002d76	800	100	100	qwen3.8:27b	results_engram_lme_e2e_v700-tr-ablate-*-poolk-b56k_20260911.rescored.jsonl
20260911_2234	lme-e2e	v700-assembly-gated-nochrono	0.7.0	5af235d	800	100	100	qwen3.8:27b	results_engram_lme_e2e_v700-assembly-gated-nochrono-poolk-b56k-ctx16384_20260911.rescored.jsonl
20260911_2343	lme-e2e-ku	v700-ku-recency	0.7.0	35350e4	800	100	100	qwen3.8:27b	results_engram_lme_e2e_v700-ku-recency-gated-nochrono-poolk-b56k_20260911.rescored.jsonl
20260912_2343	lme-e2e	v700-assembly-recency-ungated	0.7.0	35350e4	800	100	100	qwen3.8:27b	results_engram_lme_e2e_v700-assembly-recency-gated-nochrono-poolk-b56k_20260912.rescored.jsonl
20260913_0821	lme-e2e	v700-assembly-recency-nocount	0.7.0	477925a	800	100	100	qwen3.8:27b	results_engram_lme_e2e_v700-assembly-recency-gated-nocount-poolk-b56k_20260913.rescored.jsonl
